game,opening_line,source,first_seen,venue_open_time,open_lag_seconds,event_ticker,market_tickers,first_valid_two_sided_quote_time,poll_time,code_revision
Air Force @ Nevada,3.8,first_seen,2026-09-21T01:04:50.274619+00:00,,,,,,,
Air Force @ Northern Illinois,11.5,true_open,2026-10-04T19:18:43.565019+00:00,2026-10-04T19:06:00+00:00,763.565,KXNCAAFSPREAD-26OCT10AFANIU,KXNCAAFSPREAD-26OCT10AFANIU-AFA13|KXNCAAFSPREAD-26OCT10AFANIU-AFA12,2026-10-04T19:18:43.565019+00:00,2026-10-04T19:18:43.565019+00:00,9dd9d54c7073b3f46093fe0dae62b8c724de77b9
Akron @ Central Michigan,-5.5,first_seen,2026-09-27T14:29:21.150969+00:00,2026-09-27T10:06:00+00:00,15801.151,KXNCAAFSPREAD-26OCT03AKRCMU,KXNCAAFSPREAD-26OCT03AKRCMU-CMU3|KXNCAAFSPREAD-26OCT03AKRCMU-CMU6,2026-09-27T14:29:21.150969+00:00,2026-09-27T14:29:21.150969+00:00,a79d154a40a3280bdca2c55f24df6660ab452b7a
Akron @ Minnesota,-23.0,late,2026-09-18T14:50:10.851755+00:00,,,,,,,
Alabama @ Mississippi State,4.8,first_seen,2026-09-27T08:58:57.338225+00:00,2026-09-27T04:06:00+00:00,17577.338,KXNCAAFSPREAD-26OCT03ALAMSST,KXNCAAFSPREAD-26OCT03ALAMSST-ALA6|KXNCAAFSPREAD-26OCT03ALAMSST-ALA5,2026-09-27T08:58:57.338225+00:00,2026-09-27T08:58:57.338225+00:00,a79d154a40a3280bdca2c55f24df6660ab452b7a
App State @ NC State,-14.0,first_seen,2026-09-23T08:20:14.658759+00:00,2026-09-20T10:06:00+00:00,252854.659,KXNCAAFSPREAD-26SEP26APPNCST,KXNCAAFSPREAD-26SEP26APPNCST-NCST14|KXNCAAFSPREAD-26SEP26APPNCST-NCST15,2026-09-23T08:20:14.658759+00:00,2026-09-23T08:20:14.658759+00:00,3c31dbe3fcb9777c806d7e81d96c12250e95ba9d
Arizona @ Washington State,10.1,first_seen,2026-09-23T08:20:14.658759+00:00,2026-09-20T10:06:00+00:00,252854.659,KXNCAAFSPREAD-26SEP26ARIZWSU,KXNCAAFSPREAD-26SEP26ARIZWSU-ARIZ11|KXNCAAFSPREAD-26SEP26ARIZWSU-ARIZ10,2026-09-23T08:20:14.658759+00:00,2026-09-23T08:20:14.658759+00:00,3c31dbe3fcb9777c806d7e81d96c12250e95ba9d
Arizona @ West Virginia,3.1,true_open,2026-10-04T10:16:37.965643+00:00,2026-10-04T10:06:00+00:00,637.966,KXNCAAFSPREAD-26OCT10ARIZWVU,KXNCAAFSPREAD-26OCT10ARIZWVU-ARIZ4|KXNCAAFSPREAD-26OCT10ARIZWVU-ARIZ3,2026-10-04T10:16:37.965643+00:00,2026-10-04T10:16:37.965643+00:00,9dd9d54c7073b3f46093fe0dae62b8c724de77b9
Arkansas @ Texas A&M,-15.5,first_seen,2026-09-27T08:58:57.338225+00:00,2026-09-27T07:06:00+00:00,6777.338,KXNCAAFSPREAD-26OCT03ARKTXAM,KXNCAAFSPREAD-26OCT03ARKTXAM-TXAM14|KXNCAAFSPREAD-26OCT03ARKTXAM-TXAM16,2026-09-27T08:58:57.338225+00:00,2026-09-27T08:58:57.338225+00:00,a79d154a40a3280bdca2c55f24df6660ab452b7a
Arkansas State @ Louisiana,-6.6,first_seen,2026-09-28T22:50:50.053746+00:00,2026-09-28T22:06:00+00:00,2690.054,KXNCAAFSPREAD-26OCT03ARSTULL,KXNCAAFSPREAD-26OCT03ARSTULL-ULL7|KXNCAAFSPREAD-26OCT03ARSTULL-ULL8,2026-09-28T22:50:50.053746+00:00,2026-09-28T22:50:50.053746+00:00,a79d154a40a3280bdca2c55f24df6660ab452b7a
Army @ Louisiana Tech,2.1,first_seen,2026-09-28T22:50:50.053746+00:00,2026-09-28T22:06:00+00:00,2690.054,KXNCAAFSPREAD-26OCT03ARMYLT,KXNCAAFSPREAD-26OCT03ARMYLT-ARMY3|KXNCAAFSPREAD-26OCT03ARMYLT-ARMY2,2026-09-28T22:50:50.053746+00:00,2026-09-28T22:50:50.053746+00:00,a79d154a40a3280bdca2c55f24df6660ab452b7a
Army @ Temple,3.0,first_seen,2026-09-21T01:04:50.274619+00:00,,,,,,,
Auburn @ Tennessee,-7.4,first_seen,2026-09-27T08:58:57.338225+00:00,2026-09-27T01:06:00+00:00,28377.338,KXNCAAFSPREAD-26OCT03AUBTENN,KXNCAAFSPREAD-26OCT03AUBTENN-TENN7|KXNCAAFSPREAD-26OCT03AUBTENN-TENN8,2026-09-27T08:58:57.338225+00:00,2026-09-27T08:58:57.338225+00:00,a79d154a40a3280bdca2c55f24df6660ab452b7a
BYU @ TCU,7.4,first_seen,2026-09-27T08:58:57.338225+00:00,2026-09-27T01:06:00+00:00,28377.338,KXNCAAFSPREAD-26OCT03BYUTCU,KXNCAAFSPREAD-26OCT03BYUTCU-BYU8|KXNCAAFSPREAD-26OCT03BYUTCU-BYU7,2026-09-27T08:58:57.338225+00:00,2026-09-27T08:58:57.338225+00:00,a79d154a40a3280bdca2c55f24df6660ab452b7a
Ball State @ Kent State,-3.2,first_seen,2026-09-23T08:20:14.658759+00:00,2026-09-20T10:06:00+00:00,252854.659,KXNCAAFSPREAD-26SEP26BALLKENT,KXNCAAFSPREAD-26SEP26BALLKENT-KENT3|KXNCAAFSPREAD-26SEP26BALLKENT-KENT4,2026-09-23T08:20:14.658759+00:00,2026-09-23T08:20:14.658759+00:00,3c31dbe3fcb9777c806d7e81d96c12250e95ba9d
Ball State @ Northwestern,-34.5,first_seen,2026-10-04T12:14:42.986918+00:00,2026-10-04T10:06:00+00:00,7722.987,KXNCAAFSPREAD-26OCT10BALLNW,KXNCAAFSPREAD-26OCT10BALLNW-NW18|KXNCAAFSPREAD-26OCT10BALLNW-NW35,2026-10-04T12:14:42.986918+00:00,2026-10-04T12:14:42.986918+00:00,9dd9d54c7073b3f46093fe0dae62b8c724de77b9
Baylor @ Arizona State,-3.5,first_seen,2026-09-27T18:36:41.390725+00:00,2026-09-27T10:07:00+00:00,30581.391,KXNCAAFSPREAD-26OCT03BAYASU,KXNCAAFSPREAD-26OCT03BAYASU-BAY18|KXNCAAFSPREAD-26OCT03BAYASU-ASU4,2026-09-27T18:36:41.390725+00:00,2026-09-27T18:36:41.390725+00:00,a79d154a40a3280bdca2c55f24df6660ab452b7a
Boise State @ Western Michigan,7.1,first_seen,2026-09-23T08:20:14.658759+00:00,2026-09-20T07:06:00+00:00,263654.659,KXNCAAFSPREAD-26SEP26BSUWMU,KXNCAAFSPREAD-26SEP26BSUWMU-BSU8|KXNCAAFSPREAD-26SEP26BSUWMU-BSU7,2026-09-23T08:20:14.658759+00:00,2026-09-23T08:20:14.658759+00:00,3c31dbe3fcb9777c806d7e81d96c12250e95ba9d
Boston College @ SMU,-32.9,first_seen,2026-09-26T15:11:08.396111+00:00,2026-09-20T10:06:00+00:00,536708.396,KXNCAAFSPREAD-26SEP26MOSUSMU,KXNCAAFSPREAD-26SEP26MOSUSMU-SMU31|KXNCAAFSPREAD-26SEP26MOSUSMU-SMU34,2026-09-26T15:11:08.396111+00:00,2026-09-26T15:11:08.396111+00:00,a79d154a40a3280bdca2c55f24df6660ab452b7a
Bowling Green @ Miami (OH),-12.8,first_seen,2026-09-28T22:50:50.053746+00:00,2026-09-28T22:06:00+00:00,2690.054,KXNCAAFSPREAD-26OCT03BGSUMOH,KXNCAAFSPREAD-26OCT03BGSUMOH-MOH12|KXNCAAFSPREAD-26OCT03BGSUMOH-MOH14,2026-09-28T22:50:50.053746+00:00,2026-09-28T22:50:50.053746+00:00,a79d154a40a3280bdca2c55f24df6660ab452b7a
Buffalo @ Toledo,-19.5,true_open,2026-10-04T16:10:16.713036+00:00,2026-10-04T16:06:00+00:00,256.713,KXNCAAFSPREAD-26OCT10BUFFTOL,KXNCAAFSPREAD-26OCT10BUFFTOL-TOL18|KXNCAAFSPREAD-26OCT10BUFFTOL-TOL20,2026-10-04T16:10:16.713036+00:00,2026-10-04T16:10:16.713036+00:00,9dd9d54c7073b3f46093fe0dae62b8c724de77b9
California @ UNLV,1.6,first_seen,2026-09-27T08:58:57.338225+00:00,2026-09-27T07:06:00+00:00,6777.338,KXNCAAFSPREAD-26OCT03CALUNLV,KXNCAAFSPREAD-26OCT03CALUNLV-CAL5|KXNCAAFSPREAD-26OCT03CALUNLV-CAL2,2026-09-27T08:58:57.338225+00:00,2026-09-27T08:58:57.338225+00:00,a79d154a40a3280bdca2c55f24df6660ab452b7a
Central Michigan @ Miami,-41.0,first_seen,2026-09-23T08:20:14.658759+00:00,2026-09-20T07:07:00+00:00,263594.659,KXNCAAFSPREAD-26SEP26CMUMIA,KXNCAAFSPREAD-26SEP26CMUMIA-MIA39|KXNCAAFSPREAD-26SEP26CMUMIA-MIA42,2026-09-23T08:20:14.658759+00:00,2026-09-23T08:20:14.658759+00:00,3c31dbe3fcb9777c806d7e81d96c12250e95ba9d
Central Michigan @ Ohio,-3.5,true_open,2026-10-04T16:10:16.713036+00:00,2026-10-04T16:06:00+00:00,256.713,KXNCAAFSPREAD-26OCT10CMUOHIO,KXNCAAFSPREAD-26OCT10CMUOHIO-OHIO3|KXNCAAFSPREAD-26OCT10CMUOHIO-OHIO4,2026-10-04T16:10:16.713036+00:00,2026-10-04T16:10:16.713036+00:00,9dd9d54c7073b3f46093fe0dae62b8c724de77b9
Cincinnati @ Arizona,-7.5,first_seen,2026-09-27T14:29:21.150969+00:00,2026-09-27T10:07:00+00:00,15741.151,KXNCAAFSPREAD-26OCT03CINARIZ,KXNCAAFSPREAD-26OCT03CINARIZ-ARIZ7|KXNCAAFSPREAD-26OCT03CINARIZ-ARIZ8,2026-09-27T14:29:21.150969+00:00,2026-09-27T14:29:21.150969+00:00,a79d154a40a3280bdca2c55f24df6660ab452b7a
Clemson @ California,-0.3,first_seen,2026-09-21T01:04:50.274619+00:00,,,,,,,
Coastal Carolina @ Delaware,-4.7,late,2026-09-18T14:50:10.851755+00:00,,,,,,,
Coastal Carolina @ Marshall,-2.5,true_open,2026-10-04T16:10:16.713036+00:00,2026-10-04T16:06:00+00:00,256.713,KXNCAAFSPREAD-26OCT10CCARMRSH,KXNCAAFSPREAD-26OCT10CCARMRSH-MRSH2|KXNCAAFSPREAD-26OCT10CCARMRSH-MRSH3,2026-10-04T16:10:16.713036+00:00,2026-10-04T16:10:16.713036+00:00,9dd9d54c7073b3f46093fe0dae62b8c724de77b9
Colorado @ Baylor,-9.9,first_seen,2026-09-21T01:04:50.274619+00:00,,,,,,,
Colorado @ Northwestern,-3.4,late,2026-09-18T14:50:10.851755+00:00,,,,,,,
Colorado State @ UTSA,-13.1,first_seen,2026-09-23T08:20:14.658759+00:00,2026-09-20T10:06:00+00:00,252854.659,KXNCAAFSPREAD-26SEP26CSUUTSA,KXNCAAFSPREAD-26SEP26CSUUTSA-UTSA13|KXNCAAFSPREAD-26SEP26CSUUTSA-UTSA14,2026-09-23T08:20:14.658759+00:00,2026-09-23T08:20:14.658759+00:00,3c31dbe3fcb9777c806d7e81d96c12250e95ba9d
Delaware @ Virginia,-20.3,first_seen,2026-09-21T01:04:50.274619+00:00,,,,,,,
Duke @ Georgia Tech,6.0,true_open,2026-10-04T07:09:30.952165+00:00,2026-10-04T07:06:00+00:00,210.952,KXNCAAFSPREAD-26OCT10DUKEGT,KXNCAAFSPREAD-26OCT10DUKEGT-DUKE7|KXNCAAFSPREAD-26OCT10DUKEGT-DUKE4,2026-10-04T07:09:30.952165+00:00,2026-10-04T07:09:30.952165+00:00,9dd9d54c7073b3f46093fe0dae62b8c724de77b9
East Carolina @ Old Dominion,-2.8,late,2026-09-18T14:50:10.851755+00:00,,,,,,,
Eastern Michigan @ Akron,6.0,true_open,2026-10-04T16:10:16.713036+00:00,2026-10-04T16:06:00+00:00,256.713,KXNCAAFSPREAD-26OCT10EMUAKR,KXNCAAFSPREAD-26OCT10EMUAKR-EMU7|KXNCAAFSPREAD-26OCT10EMUAKR-EMU6,2026-10-04T16:10:16.713036+00:00,2026-10-04T16:10:16.713036+00:00,9dd9d54c7073b3f46093fe0dae62b8c724de77b9
Eastern Michigan @ Massachusetts,24.1,first_seen,2026-09-26T15:11:08.396111+00:00,2026-09-22T07:06:00+00:00,374708.396,KXNCAAFSPREAD-26SEP26LINWEMU,KXNCAAFSPREAD-26SEP26LINWEMU-EMU25|KXNCAAFSPREAD-26SEP26LINWEMU-EMU24,2026-09-26T15:11:08.396111+00:00,2026-09-26T15:11:08.396111+00:00,a79d154a40a3280bdca2c55f24df6660ab452b7a
Eastern Michigan @ Wisconsin,-23.9,late,2026-09-18T14:50:10.851755+00:00,,,,,,,
Florida @ Auburn,2.6,late,2026-09-18T14:50:10.851755+00:00,,,,,,,
Florida @ Missouri,5.8,first_seen,2026-09-27T08:58:57.338225+00:00,2026-09-27T04:06:00+00:00,17577.338,KXNCAAFSPREAD-26OCT03FLAMIZZ,KXNCAAFSPREAD-26OCT03FLAMIZZ-FLA7|KXNCAAFSPREAD-26OCT03FLAMIZZ-FLA6,2026-09-27T08:58:57.338225+00:00,2026-09-27T08:58:57.338225+00:00,a79d154a40a3280bdca2c55f24df6660ab452b7a
Florida Atlantic @ UL Monroe,13.0,first_seen,2026-09-23T08:20:14.658759+00:00,2026-09-20T10:06:00+00:00,252854.659,KXNCAAFSPREAD-26SEP26FAUULM,KXNCAAFSPREAD-26SEP26FAUULM-FAU14|KXNCAAFSPREAD-26SEP26FAUULM-FAU13,2026-09-23T08:20:14.658759+00:00,2026-09-23T08:20:14.658759+00:00,3c31dbe3fcb9777c806d7e81d96c12250e95ba9d
Florida International @ Florida Atlantic,-6.6,late,2026-09-18T14:50:10.851755+00:00,,,,,,,
Florida State @ Louisville,-7.8,first_seen,2026-10-04T05:45:03.789165+00:00,2026-10-04T04:06:00+00:00,5943.789,KXNCAAFSPREAD-26OCT09FSULOU,KXNCAAFSPREAD-26OCT09FSULOU-LOU8|KXNCAAFSPREAD-26OCT09FSULOU-LOU25,2026-10-04T05:45:03.789165+00:00,2026-10-04T05:45:03.789165+00:00,9dd9d54c7073b3f46093fe0dae62b8c724de77b9
Fresno State @ Washington State,-2.0,first_seen,2026-09-28T22:50:50.053746+00:00,2026-09-28T22:06:00+00:00,2690.054,KXNCAAFSPREAD-26OCT03FRESWSU,KXNCAAFSPREAD-26OCT03FRESWSU-WSU2|KXNCAAFSPREAD-26OCT03FRESWSU-WSU3,2026-09-28T22:50:50.053746+00:00,2026-09-28T22:50:50.053746+00:00,a79d154a40a3280bdca2c55f24df6660ab452b7a
Georgia @ Alabama,24.8,first_seen,2026-10-03T15:17:15.050741+00:00,2026-09-27T04:06:00+00:00,558675.051,KXNCAAFSPREAD-26OCT03VANUGA,KXNCAAFSPREAD-26OCT03VANUGA-UGA28|KXNCAAFSPREAD-26OCT03VANUGA-UGA25,2026-10-03T15:17:15.050741+00:00,2026-10-03T15:17:15.050741+00:00,13b0daeb7975714406200bcb03969882defcb4f7
Georgia @ Arkansas,25.5,late,2026-09-18T14:50:10.851755+00:00,,,,,,,
Georgia Southern @ Coastal Carolina,2.6,first_seen,2026-09-28T22:50:50.053746+00:00,2026-09-28T22:06:00+00:00,2690.054,KXNCAAFSPREAD-26OCT03GASOCCAR,KXNCAAFSPREAD-26OCT03GASOCCAR-GASO4|KXNCAAFSPREAD-26OCT03GASOCCAR-GASO3,2026-09-28T22:50:50.053746+00:00,2026-09-28T22:50:50.053746+00:00,a79d154a40a3280bdca2c55f24df6660ab452b7a
Georgia Tech @ Stanford,3.3,first_seen,2026-09-21T01:04:50.274619+00:00,,,,,,,
Hawai'i @ Arizona State,-19.4,first_seen,2026-10-04T12:39:21.987338+00:00,2026-10-04T10:06:00+00:00,9201.987,KXNCAAFSPREAD-26OCT10HAWASU,KXNCAAFSPREAD-26OCT10HAWASU-ASU18|KXNCAAFSPREAD-26OCT10HAWASU-ASU21,2026-10-04T12:39:21.987338+00:00,2026-10-04T12:39:21.987338+00:00,9dd9d54c7073b3f46093fe0dae62b8c724de77b9
Hawai'i @ Wyoming,3.2,first_seen,2026-09-21T01:04:50.274619+00:00,,,,,,,
Houston @ Georgia Southern,17.7,first_seen,2026-09-21T01:04:50.274619+00:00,,,,,,,
Houston @ Kansas State,-1.5,first_seen,2026-10-04T19:18:43.565019+00:00,2026-10-04T10:06:00+00:00,33163.565,KXNCAAFSPREAD-26OCT10HOUKSU,KXNCAAFSPREAD-26OCT10HOUKSU-KSU2|KXNCAAFSPREAD-26OCT10HOUKSU-KSU3,2026-10-04T19:18:43.565019+00:00,2026-10-04T19:18:43.565019+00:00,9dd9d54c7073b3f46093fe0dae62b8c724de77b9
Houston @ Texas Tech,-7.4,late,2026-09-18T14:50:10.851755+00:00,,,,,,,
Illinois @ Michigan State,3.3,first_seen,2026-10-04T12:06:28.371629+00:00,2026-10-04T07:06:00+00:00,18028.372,KXNCAAFSPREAD-26OCT10ILLMSU,KXNCAAFSPREAD-26OCT10ILLMSU-ILL4|KXNCAAFSPREAD-26OCT10ILLMSU-ILL3,2026-10-04T12:06:28.371629+00:00,2026-10-04T12:06:28.371629+00:00,9dd9d54c7073b3f46093fe0dae62b8c724de77b9
Illinois @ Ohio State,-26.6,first_seen,2026-09-23T08:20:14.658759+00:00,2026-09-19T16:06:00+00:00,317654.659,KXNCAAFSPREAD-26SEP26ILLOSU,KXNCAAFSPREAD-26SEP26ILLOSU-OSU25|KXNCAAFSPREAD-26SEP26ILLOSU-OSU28,2026-09-23T08:20:14.658759+00:00,2026-09-23T08:20:14.658759+00:00,3c31dbe3fcb9777c806d7e81d96c12250e95ba9d
Indiana @ Nebraska,24.4,first_seen,2026-10-03T15:17:15.050741+00:00,2026-09-27T07:06:00+00:00,547875.051,KXNCAAFSPREAD-26OCT03INDRUTG,KXNCAAFSPREAD-26OCT03INDRUTG-IND25|KXNCAAFSPREAD-26OCT03INDRUTG-IND24,2026-10-03T15:17:15.050741+00:00,2026-10-03T15:17:15.050741+00:00,13b0daeb7975714406200bcb03969882defcb4f7
Indiana @ Rutgers,23.0,first_seen,2026-09-27T08:58:57.338225+00:00,2026-09-27T07:06:00+00:00,6777.338,KXNCAAFSPREAD-26OCT03INDRUTG,KXNCAAFSPREAD-26OCT03INDRUTG-IND24|KXNCAAFSPREAD-26OCT03INDRUTG-IND22,2026-09-27T08:58:57.338225+00:00,2026-09-27T08:58:57.338225+00:00,a79d154a40a3280bdca2c55f24df6660ab452b7a
Iowa @ Michigan,-3.8,first_seen,2026-09-21T01:04:50.274619+00:00,,,,,,,
Iowa @ Washington,-0.8,first_seen,2026-10-03T15:17:15.050741+00:00,2026-10-03T01:06:00+00:00,51075.051,KXNCAAFSPREAD-26OCT09IOWAWASH,KXNCAAFSPREAD-26OCT09IOWAWASH-IOWA2|KXNCAAFSPREAD-26OCT09IOWAWASH-WASH2,2026-10-03T15:17:15.050741+00:00,2026-10-03T15:17:15.050741+00:00,13b0daeb7975714406200bcb03969882defcb4f7
Iowa State @ BYU,-14.5,first_seen,2026-10-04T04:35:50.657652+00:00,2026-10-03T04:06:00+00:00,88190.658,KXNCAAFSPREAD-26OCT09ISUBYU,KXNCAAFSPREAD-26OCT09ISUBYU-ISU6|KXNCAAFSPREAD-26OCT09ISUBYU-BYU15,2026-10-04T04:35:50.657652+00:00,2026-10-04T04:35:50.657652+00:00,9dd9d54c7073b3f46093fe0dae62b8c724de77b9
Jacksonville State @ Kennesaw State,2.9,first_seen,2026-10-03T15:17:15.050741+00:00,2026-10-01T01:06:00+00:00,223875.051,KXNCAAFSPREAD-26OCT07JVSTKENN,KXNCAAFSPREAD-26OCT07JVSTKENN-JVST4|KXNCAAFSPREAD-26OCT07JVSTKENN-JVST3,2026-10-03T15:17:15.050741+00:00,2026-10-03T15:17:15.050741+00:00,13b0daeb7975714406200bcb03969882defcb4f7
James Madison @ Georgia Southern,9.8,true_open,2026-10-04T16:10:16.713036+00:00,2026-10-04T16:06:00+00:00,256.713,KXNCAAFSPREAD-26OCT10JMUGASO,KXNCAAFSPREAD-26OCT10JMUGASO-JMU11|KXNCAAFSPREAD-26OCT10JMUGASO-JMU10,2026-10-04T16:10:16.713036+00:00,2026-10-04T16:10:16.713036+00:00,9dd9d54c7073b3f46093fe0dae62b8c724de77b9
James Madison @ Old Dominion,4.5,first_seen,2026-09-21T01:04:50.274619+00:00,,,,,,,
Kansas @ Utah,-14.3,true_open,2026-10-04T10:16:37.965643+00:00,2026-10-04T10:06:00+00:00,637.966,KXNCAAFSPREAD-26OCT10KUUTAH,KXNCAAFSPREAD-26OCT10KUUTAH-UTAH14|KXNCAAFSPREAD-26OCT10KUUTAH-UTAH15,2026-10-04T10:16:37.965643+00:00,2026-10-04T10:16:37.965643+00:00,9dd9d54c7073b3f46093fe0dae62b8c724de77b9
Kansas State @ Cincinnati,6.0,first_seen,2026-09-23T08:20:14.658759+00:00,2026-09-20T07:07:00+00:00,263594.659,KXNCAAFSPREAD-26SEP26KSUCIN,KXNCAAFSPREAD-26SEP26KSUCIN-KSU7|KXNCAAFSPREAD-26SEP26KSUCIN-KSU6,2026-09-23T08:20:14.658759+00:00,2026-09-23T08:20:14.658759+00:00,3c31dbe3fcb9777c806d7e81d96c12250e95ba9d
Kennesaw State @ Arkansas State,-6.4,first_seen,2026-09-23T08:20:14.658759+00:00,2026-09-20T07:07:00+00:00,263594.659,KXNCAAFSPREAD-26SEP26KENNARST,KXNCAAFSPREAD-26SEP26KENNARST-ARST6|KXNCAAFSPREAD-26SEP26KENNARST-ARST7,2026-09-23T08:20:14.658759+00:00,2026-09-23T08:20:14.658759+00:00,3c31dbe3fcb9777c806d7e81d96c12250e95ba9d
Kennesaw State @ Tennessee,-35.4,late,2026-09-18T14:50:10.851755+00:00,,,,,,,
Kentucky @ South Carolina,-3.7,first_seen,2026-09-27T14:29:21.150969+00:00,2026-09-27T07:06:00+00:00,26601.151,KXNCAAFSPREAD-26OCT03UKSCAR,KXNCAAFSPREAD-26OCT03UKSCAR-SCAR4|KXNCAAFSPREAD-26OCT03UKSCAR-SCAR5,2026-09-27T14:29:21.150969+00:00,2026-09-27T14:29:21.150969+00:00,a79d154a40a3280bdca2c55f24df6660ab452b7a
Kentucky @ Texas A&M,-17.0,late,2026-09-18T14:50:10.851755+00:00,,,,,,,
LSU @ Kentucky,54.5,first_seen,2026-10-03T15:17:15.050741+00:00,2026-09-30T01:06:00+00:00,310275.051,KXNCAAFSPREAD-26OCT03MCNSLSU,KXNCAAFSPREAD-26OCT03MCNSLSU-LSU58|KXNCAAFSPREAD-26OCT03MCNSLSU-LSU55,2026-10-03T15:17:15.050741+00:00,2026-10-03T15:17:15.050741+00:00,13b0daeb7975714406200bcb03969882defcb4f7
LSU @ Ole Miss,3.0,late,2026-09-18T14:50:10.851755+00:00,,,,,,,
Liberty @ Coastal Carolina,2.6,first_seen,2026-09-21T01:04:50.274619+00:00,,,,,,,
Liberty @ Delaware,7.2,first_seen,2026-09-27T18:36:41.390725+00:00,2026-09-27T16:06:00+00:00,9041.391,KXNCAAFSPREAD-26OCT02LIBDEL,KXNCAAFSPREAD-26OCT02LIBDEL-LIB8|KXNCAAFSPREAD-26OCT02LIBDEL-LIB7,2026-09-27T18:36:41.390725+00:00,2026-09-27T18:36:41.390725+00:00,a79d154a40a3280bdca2c55f24df6660ab452b7a
Louisiana @ Charlotte,10.2,first_seen,2026-09-21T01:04:50.274619+00:00,,,,,,,
Louisiana Tech @ Baylor,-19.5,late,2026-09-18T14:50:10.851755+00:00,,,,,,,
Louisville @ NC State,6.5,first_seen,2026-09-27T14:29:21.150969+00:00,2026-09-27T04:06:00+00:00,37401.151,KXNCAAFSPREAD-26OCT03LOUNCST,KXNCAAFSPREAD-26OCT03LOUNCST-LOU18|KXNCAAFSPREAD-26OCT03LOUNCST-LOU7,2026-09-27T14:29:21.150969+00:00,2026-09-27T14:29:21.150969+00:00,a79d154a40a3280bdca2c55f24df6660ab452b7a
Marshall @ James Madison,24.4,first_seen,2026-09-26T15:11:08.396111+00:00,2026-09-22T07:06:00+00:00,374708.396,KXNCAAFSPREAD-26SEP26WEBBMRSH,KXNCAAFSPREAD-26SEP26WEBBMRSH-MRSH25|KXNCAAFSPREAD-26SEP26WEBBMRSH-MRSH24,2026-09-26T15:11:08.396111+00:00,2026-09-26T15:11:08.396111+00:00,a79d154a40a3280bdca2c55f24df6660ab452b7a
Maryland @ Nebraska,-12.5,first_seen,2026-09-27T08:58:57.338225+00:00,2026-09-27T07:06:00+00:00,6777.338,KXNCAAFSPREAD-26OCT03MDNEB,KXNCAAFSPREAD-26OCT03MDNEB-NEB11|KXNCAAFSPREAD-26OCT03MDNEB-NEB13,2026-09-27T08:58:57.338225+00:00,2026-09-27T08:58:57.338225+00:00,a79d154a40a3280bdca2c55f24df6660ab452b7a
Massachusetts @ Sacramento State,4.1,first_seen,2026-09-23T08:20:14.658759+00:00,2026-09-20T10:06:00+00:00,252854.659,KXNCAAFSPREAD-26SEP26MASSSAC,KXNCAAFSPREAD-26SEP26MASSSAC-MASS5|KXNCAAFSPREAD-26SEP26MASSSAC-MASS4,2026-09-23T08:20:14.658759+00:00,2026-09-23T08:20:14.658759+00:00,3c31dbe3fcb9777c806d7e81d96c12250e95ba9d
Memphis @ Charlotte,20.1,first_seen,2026-09-28T22:50:50.053746+00:00,2026-09-28T22:06:00+00:00,2690.054,KXNCAAFSPREAD-26OCT03MEMCHAR,KXNCAAFSPREAD-26OCT03MEMCHAR-MEM21|KXNCAAFSPREAD-26OCT03MEMCHAR-MEM18,2026-09-28T22:50:50.053746+00:00,2026-09-28T22:50:50.053746+00:00,a79d154a40a3280bdca2c55f24df6660ab452b7a
Miami (OH) @ Cincinnati,-14.8,late,2026-09-18T14:50:10.851755+00:00,,,,,,,
Miami @ Clemson,41.6,first_seen,2026-09-26T15:11:08.396111+00:00,2026-09-20T07:07:00+00:00,547448.396,KXNCAAFSPREAD-26SEP26CMUMIA,KXNCAAFSPREAD-26SEP26CMUMIA-MIA43|KXNCAAFSPREAD-26SEP26CMUMIA-MIA42,2026-09-26T15:11:08.396111+00:00,2026-09-26T15:11:08.396111+00:00,a79d154a40a3280bdca2c55f24df6660ab452b7a
Michigan @ Minnesota,6.6,first_seen,2026-09-27T23:58:23.681025+00:00,2026-09-26T16:07:00+00:00,114683.681,KXNCAAFSPREAD-26OCT03MICHMINN,KXNCAAFSPREAD-26OCT03MICHMINN-MICH8|KXNCAAFSPREAD-26OCT03MICHMINN-MICH7,2026-09-27T23:58:23.681025+00:00,2026-09-27T23:58:23.681025+00:00,a79d154a40a3280bdca2c55f24df6660ab452b7a
Michigan State @ Notre Dame,-29.4,late,2026-09-18T14:50:10.851755+00:00,,,,,,,
Michigan State @ Wisconsin,-10.7,first_seen,2026-09-27T14:29:21.150969+00:00,2026-09-27T07:06:00+00:00,26601.151,KXNCAAFSPREAD-26OCT03MSUWIS,KXNCAAFSPREAD-26OCT03MSUWIS-WIS11|KXNCAAFSPREAD-26OCT03MSUWIS-WIS24,2026-09-27T14:29:21.150969+00:00,2026-09-27T14:29:21.150969+00:00,a79d154a40a3280bdca2c55f24df6660ab452b7a
Middle Tennessee @ Jacksonville State,-7.1,first_seen,2026-09-23T08:20:14.658759+00:00,2026-09-20T07:07:00+00:00,263594.659,KXNCAAFSPREAD-26SEP26MTUJVST,KXNCAAFSPREAD-26SEP26MTUJVST-JVST7|KXNCAAFSPREAD-26SEP26MTUJVST-JVST8,2026-09-23T08:20:14.658759+00:00,2026-09-23T08:20:14.658759+00:00,3c31dbe3fcb9777c806d7e81d96c12250e95ba9d
Middle Tennessee @ Kansas,-18.7,first_seen,2026-09-28T22:50:50.053746+00:00,2026-09-28T22:05:00+00:00,2750.054,KXNCAAFSPREAD-26OCT03MTUKU,KXNCAAFSPREAD-26OCT03MTUKU-KU19|KXNCAAFSPREAD-26OCT03MTUKU-KU21,2026-09-28T22:50:50.053746+00:00,2026-09-28T22:50:50.053746+00:00,a79d154a40a3280bdca2c55f24df6660ab452b7a
Minnesota @ Purdue,4.5,true_open,2026-10-04T07:09:30.952165+00:00,2026-10-04T07:06:00+00:00,210.952,KXNCAAFSPREAD-26OCT10MINNPUR,KXNCAAFSPREAD-26OCT10MINNPUR-MINN8|KXNCAAFSPREAD-26OCT10MINNPUR-MINN5,2026-10-04T07:09:30.952165+00:00,2026-10-04T07:09:30.952165+00:00,9dd9d54c7073b3f46093fe0dae62b8c724de77b9
Minnesota @ Washington,-8.0,first_seen,2026-09-21T01:04:50.274619+00:00,,,,,,,
Missouri @ Mississippi State,-6.1,first_seen,2026-09-23T08:20:14.658759+00:00,2026-09-20T07:07:00+00:00,263594.659,KXNCAAFSPREAD-26SEP26MIZZMSST,KXNCAAFSPREAD-26SEP26MIZZMSST-MSST6|KXNCAAFSPREAD-26SEP26MIZZMSST-MSST7,2026-09-23T08:20:14.658759+00:00,2026-09-23T08:20:14.658759+00:00,3c31dbe3fcb9777c806d7e81d96c12250e95ba9d
Missouri State @ SMU,-34.3,first_seen,2026-09-21T01:04:50.274619+00:00,,,,,,,
Missouri State @ Western Kentucky,1.1,true_open,2026-10-04T10:17:41.166847+00:00,2026-10-04T10:06:00+00:00,701.167,KXNCAAFSPREAD-26OCT08MOSUWKU,KXNCAAFSPREAD-26OCT08MOSUWKU-MOSU2|KXNCAAFSPREAD-26OCT08MOSUWKU-WKU3,2026-10-04T10:17:41.166847+00:00,2026-10-04T10:17:41.166847+00:00,9dd9d54c7073b3f46093fe0dae62b8c724de77b9
Navy @ Air Force,-1.5,first_seen,2026-09-27T14:29:21.150969+00:00,2026-09-27T10:06:00+00:00,15801.151,KXNCAAFSPREAD-26OCT03NAVYAFA,KXNCAAFSPREAD-26OCT03NAVYAFA-NAVY2|KXNCAAFSPREAD-26OCT03NAVYAFA-AFA2,2026-09-27T14:29:21.150969+00:00,2026-09-27T14:29:21.150969+00:00,a79d154a40a3280bdca2c55f24df6660ab452b7a
Navy @ UAB,7.0,first_seen,2026-09-21T01:04:50.274619+00:00,,,,,,,
Nebraska @ Michigan State,5.9,first_seen,2026-09-23T08:20:14.658759+00:00,2026-09-20T07:07:00+00:00,263594.659,KXNCAAFSPREAD-26SEP26NEBMSU,KXNCAAFSPREAD-26SEP26NEBMSU-NEB7|KXNCAAFSPREAD-26SEP26NEBMSU-NEB6,2026-09-23T08:20:14.658759+00:00,2026-09-23T08:20:14.658759+00:00,3c31dbe3fcb9777c806d7e81d96c12250e95ba9d
Nevada @ Middle Tennessee,3.9,late,2026-09-18T14:50:10.851755+00:00,,,,,,,
New Mexico @ New Mexico State,11.3,first_seen,2026-09-23T08:20:14.658759+00:00,2026-09-20T07:06:00+00:00,263654.659,KXNCAAFSPREAD-26SEP26UNMNMSU,KXNCAAFSPREAD-26SEP26UNMNMSU-UNM12|KXNCAAFSPREAD-26SEP26UNMNMSU-UNM11,2026-09-23T08:20:14.658759+00:00,2026-09-23T08:20:14.658759+00:00,3c31dbe3fcb9777c806d7e81d96c12250e95ba9d
New Mexico @ Oklahoma,-21.2,late,2026-09-18T14:50:10.851755+00:00,,,,,,,
New Mexico State @ Florida International,-4.4,first_seen,2026-10-03T20:27:44.621602+00:00,2026-10-02T22:06:00+00:00,80504.622,KXNCAAFSPREAD-26OCT07NMSUFIU,KXNCAAFSPREAD-26OCT07NMSUFIU-FIU4|KXNCAAFSPREAD-26OCT07NMSUFIU-FIU5,2026-10-03T20:27:44.621602+00:00,2026-10-03T20:27:44.621602+00:00,13b0daeb7975714406200bcb03969882defcb4f7
North Carolina @ Clemson,-3.2,late,2026-09-18T14:50:10.851755+00:00,,,,,,,
North Carolina @ Pittsburgh,-3.4,true_open,2026-10-04T10:16:37.965643+00:00,2026-10-04T10:06:00+00:00,637.966,KXNCAAFSPREAD-26OCT10UNCPITT,KXNCAAFSPREAD-26OCT10UNCPITT-PITT3|KXNCAAFSPREAD-26OCT10UNCPITT-PITT4,2026-10-04T10:16:37.965643+00:00,2026-10-04T10:16:37.965643+00:00,9dd9d54c7073b3f46093fe0dae62b8c724de77b9
North Texas @ Tulsa,38.3,first_seen,2026-09-26T15:11:08.396111+00:00,2026-09-22T22:06:00+00:00,320708.396,KXNCAAFSPREAD-26SEP26HCUUNT,KXNCAAFSPREAD-26SEP26HCUUNT-UNT39|KXNCAAFSPREAD-26SEP26HCUUNT-UNT36,2026-09-26T15:11:08.396111+00:00,2026-09-26T15:11:08.396111+00:00,a79d154a40a3280bdca2c55f24df6660ab452b7a
Northern Illinois @ Arizona,-33.3,late,2026-09-18T14:50:10.851755+00:00,,,,,,,
Northern Illinois @ Georgia State,-10.3,first_seen,2026-09-23T08:20:14.658759+00:00,2026-09-20T10:06:00+00:00,252854.659,KXNCAAFSPREAD-26SEP26NIUGAST,KXNCAAFSPREAD-26SEP26NIUGAST-GAST10|KXNCAAFSPREAD-26SEP26NIUGAST-GAST11,2026-09-23T08:20:14.658759+00:00,2026-09-23T08:20:14.658759+00:00,3c31dbe3fcb9777c806d7e81d96c12250e95ba9d
Northwestern @ Indiana,-21.4,first_seen,2026-09-21T01:04:50.274619+00:00,,,,,,,
Notre Dame @ North Carolina,27.3,first_seen,2026-09-26T15:11:08.396111+00:00,2026-09-20T07:06:00+00:00,547508.396,KXNCAAFSPREAD-26SEP26NDPUR,KXNCAAFSPREAD-26SEP26NDPUR-ND28|KXNCAAFSPREAD-26SEP26NDPUR-ND25,2026-09-26T15:11:08.396111+00:00,2026-09-26T15:11:08.396111+00:00,a79d154a40a3280bdca2c55f24df6660ab452b7a
Notre Dame @ Purdue,26.6,first_seen,2026-09-21T01:04:50.274619+00:00,,,,,,,
Ohio @ Kent State,32.8,first_seen,2026-09-26T15:11:08.396111+00:00,2026-09-22T07:06:00+00:00,374708.396,KXNCAAFSPREAD-26SEP26STNHOHIO,KXNCAAFSPREAD-26SEP26STNHOHIO-OHIO34|KXNCAAFSPREAD-26SEP26STNHOHIO-OHIO31,2026-09-26T15:11:08.396111+00:00,2026-09-26T15:11:08.396111+00:00,a79d154a40a3280bdca2c55f24df6660ab452b7a
Ohio @ South Alabama,-6.9,late,2026-09-18T14:50:10.851755+00:00,,,,,,,
Ohio State @ Iowa,26.0,first_seen,2026-09-26T15:11:08.396111+00:00,2026-09-19T16:06:00+00:00,601508.396,KXNCAAFSPREAD-26SEP26ILLOSU,KXNCAAFSPREAD-26SEP26ILLOSU-OSU28|KXNCAAFSPREAD-26SEP26ILLOSU-OSU25,2026-09-26T15:11:08.396111+00:00,2026-09-26T15:11:08.396111+00:00,a79d154a40a3280bdca2c55f24df6660ab452b7a
Oklahoma @ Georgia,-14.1,first_seen,2026-09-21T01:04:50.274619+00:00,,,,,,,
Oklahoma State @ West Virginia,-1.2,first_seen,2026-09-23T08:20:14.658759+00:00,2026-09-20T07:07:00+00:00,263594.659,KXNCAAFSPREAD-26SEP26OKSTWVU,KXNCAAFSPREAD-26SEP26OKSTWVU-OKST2|KXNCAAFSPREAD-26SEP26OKSTWVU-WVU2,2026-09-23T08:20:14.658759+00:00,2026-09-23T08:20:14.658759+00:00,3c31dbe3fcb9777c806d7e81d96c12250e95ba9d
Old Dominion @ App State,-9.5,true_open,2026-10-04T16:10:16.713036+00:00,2026-10-04T16:06:00+00:00,256.713,KXNCAAFSPREAD-26OCT10ODUAPP,KXNCAAFSPREAD-26OCT10ODUAPP-APP9|KXNCAAFSPREAD-26OCT10ODUAPP-APP10,2026-10-04T16:10:16.713036+00:00,2026-10-04T16:10:16.713036+00:00,9dd9d54c7073b3f46093fe0dae62b8c724de77b9
Old Dominion @ Georgia State,-1.5,first_seen,2026-09-27T18:36:41.390725+00:00,2026-09-27T10:06:00+00:00,30641.391,KXNCAAFSPREAD-26OCT03ODUGAST,KXNCAAFSPREAD-26OCT03ODUGAST-ODU2|KXNCAAFSPREAD-26OCT03ODUGAST-GAST2,2026-09-27T18:36:41.390725+00:00,2026-09-27T18:36:41.390725+00:00,a79d154a40a3280bdca2c55f24df6660ab452b7a
Ole Miss @ Florida,-3.0,first_seen,2026-09-21T01:04:50.274619+00:00,,,,,,,
Ole Miss @ Vanderbilt,11.5,true_open,2026-10-04T07:09:30.952165+00:00,2026-10-04T07:06:00+00:00,210.952,KXNCAAFSPREAD-26OCT10MISSVAN,KXNCAAFSPREAD-26OCT10MISSVAN-MISS14|KXNCAAFSPREAD-26OCT10MISSVAN-MISS12,2026-10-04T07:09:30.952165+00:00,2026-10-04T07:09:30.952165+00:00,9dd9d54c7073b3f46093fe0dae62b8c724de77b9
Oregon @ USC,2.8,first_seen,2026-09-21T01:04:50.274619+00:00,,,,,,,
Oregon State @ Colorado State,4.8,first_seen,2026-09-27T23:58:23.681025+00:00,2026-09-27T10:06:00+00:00,49943.681,KXNCAAFSPREAD-26OCT03ORSTCSU,KXNCAAFSPREAD-26OCT03ORSTCSU-ORST6|KXNCAAFSPREAD-26OCT03ORSTCSU-ORST5,2026-09-27T23:58:23.681025+00:00,2026-09-27T23:58:23.681025+00:00,a79d154a40a3280bdca2c55f24df6660ab452b7a
Oregon State @ UTEP,10.4,first_seen,2026-09-23T08:20:14.658759+00:00,2026-09-20T10:06:00+00:00,252854.659,KXNCAAFSPREAD-26SEP26ORSTUTEP,KXNCAAFSPREAD-26SEP26ORSTUTEP-ORST11|KXNCAAFSPREAD-26SEP26ORSTUTEP-ORST10,2026-09-23T08:20:14.658759+00:00,2026-09-23T08:20:14.658759+00:00,3c31dbe3fcb9777c806d7e81d96c12250e95ba9d
Penn State @ Northwestern,4.0,first_seen,2026-09-27T08:58:57.338225+00:00,2026-09-26T01:06:00+00:00,114777.338,KXNCAAFSPREAD-26OCT02PSUNW,KXNCAAFSPREAD-26OCT02PSUNW-PSU5|KXNCAAFSPREAD-26OCT02PSUNW-PSU4,2026-09-27T08:58:57.338225+00:00,2026-09-27T08:58:57.338225+00:00,a79d154a40a3280bdca2c55f24df6660ab452b7a
Pittsburgh @ Virginia Tech,-6.6,first_seen,2026-09-26T15:11:08.396111+00:00,2026-09-26T01:06:00+00:00,50708.396,KXNCAAFSPREAD-26OCT02PITTVT,KXNCAAFSPREAD-26OCT02PITTVT-VT7|KXNCAAFSPREAD-26OCT02PITTVT-VT8,2026-09-26T15:11:08.396111+00:00,2026-09-26T15:11:08.396111+00:00,a79d154a40a3280bdca2c55f24df6660ab452b7a
Purdue @ Illinois,-9.5,first_seen,2026-09-27T08:58:57.338225+00:00,2026-09-27T07:06:00+00:00,6777.338,KXNCAAFSPREAD-26OCT03PURILL,KXNCAAFSPREAD-26OCT03PURILL-ILL7|KXNCAAFSPREAD-26OCT03PURILL-ILL10,2026-09-27T08:58:57.338225+00:00,2026-09-27T08:58:57.338225+00:00,a79d154a40a3280bdca2c55f24df6660ab452b7a
Purdue @ UCLA,-14.0,late,2026-09-18T14:50:10.851755+00:00,,,,,,,
Rice @ Fresno State,-13.7,first_seen,2026-09-23T08:20:14.658759+00:00,2026-09-20T07:07:00+00:00,263594.659,KXNCAAFSPREAD-26SEP26RICEFRES,KXNCAAFSPREAD-26SEP26RICEFRES-FRES14|KXNCAAFSPREAD-26SEP26RICEFRES-FRES15,2026-09-23T08:20:14.658759+00:00,2026-09-23T08:20:14.658759+00:00,3c31dbe3fcb9777c806d7e81d96c12250e95ba9d
SMU @ Louisville,-1.7,late,2026-09-18T14:50:10.851755+00:00,,,,,,,
Sacramento State @ Bowling Green,-6.8,first_seen,2026-10-04T16:28:49.388816+00:00,2026-10-04T16:06:00+00:00,1369.389,KXNCAAFSPREAD-26OCT10SACBGSU,KXNCAAFSPREAD-26OCT10SACBGSU-BGSU7|KXNCAAFSPREAD-26OCT10SACBGSU-BGSU8,2026-10-04T16:28:49.388816+00:00,2026-10-04T16:28:49.388816+00:00,9dd9d54c7073b3f46093fe0dae62b8c724de77b9
Sam Houston @ Liberty,-14.0,true_open,2026-10-04T07:09:30.952165+00:00,2026-10-04T07:06:00+00:00,210.952,KXNCAAFSPREAD-26OCT08SHSULIB,KXNCAAFSPREAD-26OCT08SHSULIB-LIB14|KXNCAAFSPREAD-26OCT08SHSULIB-LIB17,2026-10-04T07:09:30.952165+00:00,2026-10-04T07:09:30.952165+00:00,9dd9d54c7073b3f46093fe0dae62b8c724de77b9
Sam Houston @ Texas Tech,-35.0,first_seen,2026-09-21T01:04:50.274619+00:00,,,,,,,
San Diego State @ Oregon State,-14.5,first_seen,2026-10-04T12:07:31.625524+00:00,2026-10-04T10:06:00+00:00,7291.626,KXNCAAFSPREAD-26OCT10SDSUORST,KXNCAAFSPREAD-26OCT10SDSUORST-ORST14|KXNCAAFSPREAD-26OCT10SDSUORST-ORST15,2026-10-04T12:07:31.625524+00:00,2026-10-04T12:07:31.625524+00:00,9dd9d54c7073b3f46093fe0dae62b8c724de77b9
San Diego State @ Toledo,-2.9,first_seen,2026-09-23T08:20:14.658759+00:00,2026-09-20T10:06:00+00:00,252854.659,KXNCAAFSPREAD-26SEP26SDSUTOL,KXNCAAFSPREAD-26SEP26SDSUTOL-TOL3|KXNCAAFSPREAD-26SEP26SDSUTOL-TOL4,2026-09-23T08:20:14.658759+00:00,2026-09-23T08:20:14.658759+00:00,3c31dbe3fcb9777c806d7e81d96c12250e95ba9d
San José State @ Hawai'i,-3.2,first_seen,2026-09-27T23:58:23.681025+00:00,2026-09-27T10:07:00+00:00,49883.681,KXNCAAFSPREAD-26OCT04SJSUHAW,KXNCAAFSPREAD-26OCT04SJSUHAW-HAW3|KXNCAAFSPREAD-26OCT04SJSUHAW-HAW4,2026-09-27T23:58:23.681025+00:00,2026-09-27T23:58:23.681025+00:00,a79d154a40a3280bdca2c55f24df6660ab452b7a
South Alabama @ Arkansas State,-1.5,first_seen,2026-10-04T12:07:31.625524+00:00,2026-10-04T10:06:00+00:00,7291.626,KXNCAAFSPREAD-26OCT08USAARST,KXNCAAFSPREAD-26OCT08USAARST-USA2|KXNCAAFSPREAD-26OCT08USAARST-ARST2,2026-10-04T12:07:31.625524+00:00,2026-10-04T12:07:31.625524+00:00,9dd9d54c7073b3f46093fe0dae62b8c724de77b9
South Alabama @ Kentucky,-20.6,first_seen,2026-09-21T01:04:50.274619+00:00,,,,,,,
South Carolina @ Alabama,-13.0,first_seen,2026-09-21T01:04:50.274619+00:00,,,,,,,
South Carolina @ Florida,-13.5,true_open,2026-10-04T07:13:36.088519+00:00,2026-10-04T07:06:00+00:00,456.089,KXNCAAFSPREAD-26OCT10SCARFLA,KXNCAAFSPREAD-26OCT10SCARFLA-FLA14|KXNCAAFSPREAD-26OCT10SCARFLA-FLA15,2026-10-04T07:13:36.088519+00:00,2026-10-04T07:13:36.088519+00:00,9dd9d54c7073b3f46093fe0dae62b8c724de77b9
South Florida @ Bowling Green,17.7,first_seen,2026-09-21T01:04:50.274619+00:00,,,,,,,
South Florida @ UTSA,-7.0,true_open,2026-10-04T10:12:29.265529+00:00,2026-10-04T10:06:00+00:00,389.266,KXNCAAFSPREAD-26OCT08USFUTSA,KXNCAAFSPREAD-26OCT08USFUTSA-UTSA7|KXNCAAFSPREAD-26OCT08USFUTSA-UTSA8,2026-10-04T10:12:29.265529+00:00,2026-10-04T10:12:29.265529+00:00,9dd9d54c7073b3f46093fe0dae62b8c724de77b9
Southern Miss @ Troy,-9.9,first_seen,2026-10-03T15:17:15.050741+00:00,2026-09-30T19:06:00+00:00,245475.051,KXNCAAFSPREAD-26OCT06USMTROY,KXNCAAFSPREAD-26OCT06USMTROY-TROY10|KXNCAAFSPREAD-26OCT06USMTROY-TROY11,2026-10-03T15:17:15.050741+00:00,2026-10-03T15:17:15.050741+00:00,13b0daeb7975714406200bcb03969882defcb4f7
Southern Miss @ Tulane,-17.5,first_seen,2026-09-21T01:04:50.274619+00:00,,,,,,,
Stanford @ Duke,-10.1,late,2026-09-18T14:50:10.851755+00:00,,,,,,,
Stanford @ Notre Dame,-21.2,first_seen,2026-10-03T15:17:15.050741+00:00,2026-09-27T01:06:00+00:00,569475.051,KXNCAAFSPREAD-26OCT03NDUNC,KXNCAAFSPREAD-26OCT03NDUNC-ND21|KXNCAAFSPREAD-26OCT03NDUNC-ND22,2026-10-03T15:17:15.050741+00:00,2026-10-03T15:17:15.050741+00:00,13b0daeb7975714406200bcb03969882defcb4f7
Stanford @ Wake Forest,-11.5,first_seen,2026-09-27T08:58:57.338225+00:00,2026-09-27T07:06:00+00:00,6777.338,KXNCAAFSPREAD-26OCT03STANWAKE,KXNCAAFSPREAD-26OCT03STANWAKE-WAKE10|KXNCAAFSPREAD-26OCT03STANWAKE-WAKE12,2026-09-27T08:58:57.338225+00:00,2026-09-27T08:58:57.338225+00:00,a79d154a40a3280bdca2c55f24df6660ab452b7a
Syracuse @ UConn,6.2,first_seen,2026-09-27T18:36:41.390725+00:00,2026-09-27T10:06:00+00:00,30641.391,KXNCAAFSPREAD-26OCT03SYRCONN,KXNCAAFSPREAD-26OCT03SYRCONN-SYR7|KXNCAAFSPREAD-26OCT03SYRCONN-SYR6,2026-09-27T18:36:41.390725+00:00,2026-09-27T18:36:41.390725+00:00,a79d154a40a3280bdca2c55f24df6660ab452b7a
Syracuse @ Virginia,-7.4,true_open,2026-10-04T10:16:37.965643+00:00,2026-10-04T10:06:00+00:00,637.966,KXNCAAFSPREAD-26OCT10SYRUVA,KXNCAAFSPREAD-26OCT10SYRUVA-UVA7|KXNCAAFSPREAD-26OCT10SYRUVA-UVA10,2026-10-04T10:16:37.965643+00:00,2026-10-04T10:16:37.965643+00:00,9dd9d54c7073b3f46093fe0dae62b8c724de77b9
TCU @ UCF,3.0,first_seen,2026-09-21T01:04:50.274619+00:00,,,,,,,
Temple @ South Florida,-6.5,first_seen,2026-09-27T14:29:21.150969+00:00,2026-09-27T10:06:00+00:00,15801.151,KXNCAAFSPREAD-26OCT03TEMUSF,KXNCAAFSPREAD-26OCT03TEMUSF-USF6|KXNCAAFSPREAD-26OCT03TEMUSF-USF7,2026-09-27T14:29:21.150969+00:00,2026-09-27T14:29:21.150969+00:00,a79d154a40a3280bdca2c55f24df6660ab452b7a
Temple @ Toledo,-5.8,late,2026-09-18T14:50:10.851755+00:00,,,,,,,
Tennessee @ Arkansas,14.5,true_open,2026-10-04T07:09:30.952165+00:00,2026-10-04T07:06:00+00:00,210.952,KXNCAAFSPREAD-26OCT10TENNARK,KXNCAAFSPREAD-26OCT10TENNARK-TENN18|KXNCAAFSPREAD-26OCT10TENNARK-TENN15,2026-10-04T07:09:30.952165+00:00,2026-10-04T07:09:30.952165+00:00,9dd9d54c7073b3f46093fe0dae62b8c724de77b9
Texas @ Oklahoma,9.5,true_open,2026-10-04T01:19:19.518999+00:00,2026-10-04T01:06:00+00:00,799.519,KXNCAAFSPREAD-26OCT10TEXOKLA,KXNCAAFSPREAD-26OCT10TEXOKLA-TEX11|KXNCAAFSPREAD-26OCT10TEXOKLA-TEX10,2026-10-04T01:19:19.518999+00:00,2026-10-04T01:19:19.518999+00:00,9dd9d54c7073b3f46093fe0dae62b8c724de77b9
Texas @ Tennessee,3.5,first_seen,2026-09-21T01:04:50.274619+00:00,,,,,,,
Texas A&M @ LSU,-9.7,first_seen,2026-09-21T01:04:50.274619+00:00,,,,,,,
Texas A&M @ Missouri,-2.9,true_open,2026-10-04T07:13:36.088519+00:00,2026-10-04T07:06:00+00:00,456.089,KXNCAAFSPREAD-26OCT10TXAMMIZZ,KXNCAAFSPREAD-26OCT10TXAMMIZZ-MIZZ3|KXNCAAFSPREAD-26OCT10TXAMMIZZ-MIZZ4,2026-10-04T07:13:36.088519+00:00,2026-10-04T07:13:36.088519+00:00,9dd9d54c7073b3f46093fe0dae62b8c724de77b9
Texas State @ San Diego State,30.3,first_seen,2026-09-26T15:11:08.396111+00:00,2026-09-22T07:06:00+00:00,374708.396,KXNCAAFSPREAD-26SEP26IWTXST,KXNCAAFSPREAD-26SEP26IWTXST-TXST31|KXNCAAFSPREAD-26SEP26IWTXST-TXST28,2026-09-26T15:11:08.396111+00:00,2026-09-26T15:11:08.396111+00:00,a79d154a40a3280bdca2c55f24df6660ab452b7a
Texas Tech @ Colorado,34.3,first_seen,2026-09-26T15:11:08.396111+00:00,2026-09-20T10:06:00+00:00,536708.396,KXNCAAFSPREAD-26SEP26SHSUTTU,KXNCAAFSPREAD-26SEP26SHSUTTU-TTU36|KXNCAAFSPREAD-26SEP26SHSUTTU-TTU34,2026-09-26T15:11:08.396111+00:00,2026-09-26T15:11:08.396111+00:00,a79d154a40a3280bdca2c55f24df6660ab452b7a
Toledo @ Ball State,19.4,first_seen,2026-09-27T23:58:23.681025+00:00,2026-09-27T16:06:00+00:00,28343.681,KXNCAAFSPREAD-26OCT03TOLBALL,KXNCAAFSPREAD-26OCT03TOLBALL-TOL21|KXNCAAFSPREAD-26OCT03TOLBALL-TOL18,2026-09-27T23:58:23.681025+00:00,2026-09-27T23:58:23.681025+00:00,a79d154a40a3280bdca2c55f24df6660ab452b7a
Troy @ Missouri,-27.2,late,2026-09-18T14:50:10.851755+00:00,,,,,,,
Troy @ Utah State,-3.1,first_seen,2026-09-23T08:20:14.658759+00:00,2026-09-20T07:07:00+00:00,263594.659,KXNCAAFSPREAD-26SEP26TROYUSU,KXNCAAFSPREAD-26SEP26TROYUSU-USU3|KXNCAAFSPREAD-26SEP26TROYUSU-USU4,2026-09-23T08:20:14.658759+00:00,2026-09-23T08:20:14.658759+00:00,3c31dbe3fcb9777c806d7e81d96c12250e95ba9d
Tulane @ Army,-5.5,true_open,2026-10-04T16:10:16.713036+00:00,2026-10-04T16:06:00+00:00,256.713,KXNCAAFSPREAD-26OCT10TULNARMY,KXNCAAFSPREAD-26OCT10TULNARMY-ARMY5|KXNCAAFSPREAD-26OCT10TULNARMY-ARMY6,2026-10-04T16:10:16.713036+00:00,2026-10-04T16:10:16.713036+00:00,9dd9d54c7073b3f46093fe0dae62b8c724de77b9
Tulsa @ Arkansas,-6.7,first_seen,2026-09-21T01:04:50.274619+00:00,,,,,,,
Tulsa @ Navy,-3.3,true_open,2026-10-04T10:16:37.965643+00:00,2026-10-04T10:06:00+00:00,637.966,KXNCAAFSPREAD-26OCT10TLSANAVY,KXNCAAFSPREAD-26OCT10TLSANAVY-NAVY3|KXNCAAFSPREAD-26OCT10TLSANAVY-NAVY4,2026-10-04T10:16:37.965643+00:00,2026-10-04T10:16:37.965643+00:00,9dd9d54c7073b3f46093fe0dae62b8c724de77b9
UAB @ Louisiana,-7.4,late,2026-09-18T14:50:10.851755+00:00,,,,,,,
UAB @ Memphis,31.0,first_seen,2026-10-03T15:17:15.050741+00:00,2026-09-30T01:06:00+00:00,310275.051,KXNCAAFSPREAD-26OCT03SAMUAB,KXNCAAFSPREAD-26OCT03SAMUAB-UAB34|KXNCAAFSPREAD-26OCT03SAMUAB-UAB31,2026-10-03T15:17:15.050741+00:00,2026-10-03T15:17:15.050741+00:00,13b0daeb7975714406200bcb03969882defcb4f7
UCF @ Houston,-10.5,first_seen,2026-09-27T14:29:21.150969+00:00,2026-09-27T10:06:00+00:00,15801.151,KXNCAAFSPREAD-26OCT03UCFHOU,KXNCAAFSPREAD-26OCT03UCFHOU-HOU11|KXNCAAFSPREAD-26OCT03UCFHOU-HOU12,2026-09-27T14:29:21.150969+00:00,2026-09-27T14:29:21.150969+00:00,a79d154a40a3280bdca2c55f24df6660ab452b7a
UCF @ Oklahoma State,-9.5,first_seen,2026-10-04T12:07:31.625524+00:00,2026-10-04T10:06:00+00:00,7291.626,KXNCAAFSPREAD-26OCT10UCFOKST,KXNCAAFSPREAD-26OCT10UCFOKST-OKST8|KXNCAAFSPREAD-26OCT10UCFOKST-OKST10,2026-10-04T12:07:31.625524+00:00,2026-10-04T12:07:31.625524+00:00,9dd9d54c7073b3f46093fe0dae62b8c724de77b9
UCLA @ Maryland,1.6,first_seen,2026-09-21T01:04:50.274619+00:00,,,,,,,
UCLA @ Oregon,-12.5,true_open,2026-10-04T01:19:19.518999+00:00,2026-10-04T01:06:00+00:00,799.519,KXNCAAFSPREAD-26OCT10UCLAORE,KXNCAAFSPREAD-26OCT10UCLAORE-ORE10|KXNCAAFSPREAD-26OCT10UCLAORE-ORE13,2026-10-04T01:19:19.518999+00:00,2026-10-04T01:19:19.518999+00:00,9dd9d54c7073b3f46093fe0dae62b8c724de77b9
UConn @ Miami (OH),-4.1,first_seen,2026-09-21T01:04:50.274619+00:00,,,,,,,
UConn @ Southern Miss,3.1,late,2026-09-18T14:50:10.851755+00:00,,,,,,,
UL Monroe @ South Alabama,-14.5,first_seen,2026-09-27T14:29:21.150969+00:00,2026-09-27T10:06:00+00:00,15801.151,KXNCAAFSPREAD-26OCT03ULMUSA,KXNCAAFSPREAD-26OCT03ULMUSA-USA10|KXNCAAFSPREAD-26OCT03ULMUSA-USA15,2026-09-27T14:29:21.150969+00:00,2026-09-27T14:29:21.150969+00:00,a79d154a40a3280bdca2c55f24df6660ab452b7a
UNLV @ Akron,13.5,first_seen,2026-09-21T01:04:50.274619+00:00,,,,,,,
USC @ Penn State,2.6,first_seen,2026-10-04T05:44:01.462860+00:00,2026-10-04T04:06:00+00:00,5881.463,KXNCAAFSPREAD-26OCT10USCPSU,KXNCAAFSPREAD-26OCT10USCPSU-USC4|KXNCAAFSPREAD-26OCT10USCPSU-USC3,2026-10-04T05:44:01.462860+00:00,2026-10-04T05:44:01.462860+00:00,9dd9d54c7073b3f46093fe0dae62b8c724de77b9
USC @ Rutgers,21.4,late,2026-09-18T14:50:10.851755+00:00,,,,,,,
UTEP @ Michigan,-34.8,late,2026-09-18T14:50:10.851755+00:00,,,,,,,
UTEP @ New Mexico,-22.8,first_seen,2026-09-28T22:50:50.053746+00:00,2026-09-28T22:06:00+00:00,2690.054,KXNCAAFSPREAD-26OCT03UTEPUNM,KXNCAAFSPREAD-26OCT03UTEPUNM-UNM23|KXNCAAFSPREAD-26OCT03UTEPUNM-UNM24,2026-09-28T22:50:50.053746+00:00,2026-09-28T22:50:50.053746+00:00,a79d154a40a3280bdca2c55f24df6660ab452b7a
UTSA @ Rice,10.5,first_seen,2026-09-27T14:29:21.150969+00:00,2026-09-27T10:06:00+00:00,15801.151,KXNCAAFSPREAD-26OCT03UTSARICE,KXNCAAFSPREAD-26OCT03UTSARICE-UTSA14|KXNCAAFSPREAD-26OCT03UTSARICE-UTSA11,2026-09-27T14:29:21.150969+00:00,2026-09-27T14:29:21.150969+00:00,a79d154a40a3280bdca2c55f24df6660ab452b7a
UTSA @ Texas,-29.8,late,2026-09-18T14:50:10.851755+00:00,,,,,,,
Utah @ Iowa State,8.4,first_seen,2026-09-23T08:20:14.658759+00:00,2026-09-20T07:06:00+00:00,263654.659,KXNCAAFSPREAD-26SEP26UTAHISU,KXNCAAFSPREAD-26SEP26UTAHISU-UTAH10|KXNCAAFSPREAD-26SEP26UTAHISU-UTAH8,2026-09-23T08:20:14.658759+00:00,2026-09-23T08:20:14.658759+00:00,3c31dbe3fcb9777c806d7e81d96c12250e95ba9d
Utah State @ Boise State,-20.5,first_seen,2026-09-27T23:58:23.681025+00:00,2026-09-27T16:07:00+00:00,28283.681,KXNCAAFSPREAD-26OCT03USUBSU,KXNCAAFSPREAD-26OCT03USUBSU-BSU18|KXNCAAFSPREAD-26OCT03USUBSU-BSU21,2026-09-27T23:58:23.681025+00:00,2026-09-27T23:58:23.681025+00:00,a79d154a40a3280bdca2c55f24df6660ab452b7a
Utah State @ Utah,-28.4,late,2026-09-18T14:50:10.851755+00:00,,,,,,,
Vanderbilt @ Auburn,-8.9,first_seen,2026-09-21T01:04:50.274619+00:00,,,,,,,
Vanderbilt @ Georgia,-24.3,first_seen,2026-09-27T08:58:57.338225+00:00,2026-09-27T04:06:00+00:00,17577.338,KXNCAAFSPREAD-26OCT03VANUGA,KXNCAAFSPREAD-26OCT03VANUGA-UGA22|KXNCAAFSPREAD-26OCT03VANUGA-UGA25,2026-09-27T08:58:57.338225+00:00,2026-09-27T08:58:57.338225+00:00,a79d154a40a3280bdca2c55f24df6660ab452b7a
Virginia @ Florida State,-45.8,first_seen,2026-09-26T15:11:08.396111+00:00,2026-09-22T07:06:00+00:00,374708.396,KXNCAAFSPREAD-26SEP26CARKFSU,KXNCAAFSPREAD-26SEP26CARKFSU-FSU46|KXNCAAFSPREAD-26SEP26CARKFSU-FSU49,2026-09-26T15:11:08.396111+00:00,2026-09-26T15:11:08.396111+00:00,a79d154a40a3280bdca2c55f24df6660ab452b7a
Virginia Tech @ Boston College,13.9,first_seen,2026-09-21T01:04:50.274619+00:00,,,,,,,
Virginia Tech @ California,12.1,true_open,2026-10-04T10:13:32.388660+00:00,2026-10-04T10:06:00+00:00,452.389,KXNCAAFSPREAD-26OCT10VTCAL,KXNCAAFSPREAD-26OCT10VTCAL-VT13|KXNCAAFSPREAD-26OCT10VTCAL-CAL14,2026-10-04T10:13:32.388660+00:00,2026-10-04T10:13:32.388660+00:00,9dd9d54c7073b3f46093fe0dae62b8c724de77b9
Virginia Tech @ Maryland,2.9,late,2026-09-18T14:50:10.851755+00:00,,,,,,,
Wake Forest @ Louisville,-12.0,first_seen,2026-09-21T01:04:50.274619+00:00,,,,,,,
Wake Forest @ NC State,2.8,first_seen,2026-10-04T11:44:53.606124+00:00,2026-10-04T07:06:00+00:00,16733.606,KXNCAAFSPREAD-26OCT10WAKENCST,KXNCAAFSPREAD-26OCT10WAKENCST-WAKE4|KXNCAAFSPREAD-26OCT10WAKENCST-WAKE3,2026-10-04T11:44:53.606124+00:00,2026-10-04T11:44:53.606124+00:00,9dd9d54c7073b3f46093fe0dae62b8c724de77b9
Washington @ USC,-9.9,first_seen,2026-09-27T18:36:41.390725+00:00,2026-09-27T10:06:00+00:00,30641.391,KXNCAAFSPREAD-26OCT03WASHUSC,KXNCAAFSPREAD-26OCT03WASHUSC-USC10|KXNCAAFSPREAD-26OCT03WASHUSC-USC11,2026-09-27T18:36:41.390725+00:00,2026-09-27T18:36:41.390725+00:00,a79d154a40a3280bdca2c55f24df6660ab452b7a
Washington State @ Utah State,-3.4,first_seen,2026-10-04T13:00:56.979084+00:00,2026-10-04T10:06:00+00:00,10496.979,KXNCAAFSPREAD-26OCT09WSUUSU,KXNCAAFSPREAD-26OCT09WSUUSU-USU3|KXNCAAFSPREAD-26OCT09WSUUSU-USU4,2026-10-04T13:00:56.979084+00:00,2026-10-04T13:00:56.979084+00:00,9dd9d54c7073b3f46093fe0dae62b8c724de77b9
West Virginia @ Iowa State,-1.6,first_seen,2026-09-27T18:36:41.390725+00:00,2026-09-27T10:06:00+00:00,30641.391,KXNCAAFSPREAD-26OCT03WVUISU,KXNCAAFSPREAD-26OCT03WVUISU-ISU2|KXNCAAFSPREAD-26OCT03WVUISU-ISU3,2026-09-27T18:36:41.390725+00:00,2026-09-27T18:36:41.390725+00:00,a79d154a40a3280bdca2c55f24df6660ab452b7a
West Virginia @ Virginia,-10.5,late,2026-09-18T14:50:10.851755+00:00,,,,,,,
Western Kentucky @ Indiana,-44.6,late,2026-09-18T14:50:10.851755+00:00,,,,,,,
Western Kentucky @ New Mexico State,39.8,first_seen,2026-09-26T15:11:08.396111+00:00,2026-09-22T10:06:00+00:00,363908.396,KXNCAAFSPREAD-26SEP26MHUWKU,KXNCAAFSPREAD-26SEP26MHUWKU-WKU42|KXNCAAFSPREAD-26SEP26MHUWKU-WKU39,2026-09-26T15:11:08.396111+00:00,2026-09-26T15:11:08.396111+00:00,a79d154a40a3280bdca2c55f24df6660ab452b7a
Western Michigan @ Buffalo,-28.4,first_seen,2026-09-26T15:11:08.396111+00:00,2026-09-22T07:06:00+00:00,374708.396,KXNCAAFSPREAD-26SEP26RMUBUFF,KXNCAAFSPREAD-26SEP26RMUBUFF-BUFF28|KXNCAAFSPREAD-26SEP26RMUBUFF-BUFF29,2026-09-26T15:11:08.396111+00:00,2026-09-26T15:11:08.396111+00:00,a79d154a40a3280bdca2c55f24df6660ab452b7a
Western Michigan @ Rice,9.5,late,2026-09-18T14:50:10.851755+00:00,,,,,,,
Wisconsin @ Penn State,-9.8,first_seen,2026-09-23T08:20:14.658759+00:00,2026-09-19T22:07:00+00:00,295994.659,KXNCAAFSPREAD-26SEP26WISPSU,KXNCAAFSPREAD-26SEP26WISPSU-PSU10|KXNCAAFSPREAD-26SEP26WISPSU-PSU11,2026-09-23T08:20:14.658759+00:00,2026-09-23T08:20:14.658759+00:00,3c31dbe3fcb9777c806d7e81d96c12250e95ba9d
Wyoming @ Central Michigan,0.2,late,2026-09-18T14:50:10.851755+00:00,,,,,,,
Wyoming @ North Dakota State,-18.7,first_seen,2026-09-28T22:50:50.053746+00:00,2026-09-28T22:05:00+00:00,2750.054,KXNCAAFSPREAD-26OCT03WYONDSU,KXNCAAFSPREAD-26OCT03WYONDSU-NDSU19|KXNCAAFSPREAD-26OCT03WYONDSU-NDSU21,2026-09-28T22:50:50.053746+00:00,2026-09-28T22:50:50.053746+00:00,a79d154a40a3280bdca2c55f24df6660ab452b7a
Wyoming @ San José State,-6.4,first_seen,2026-10-04T16:22:38.843534+00:00,2026-10-04T16:06:00+00:00,998.844,KXNCAAFSPREAD-26OCT09WYOSJSU,KXNCAAFSPREAD-26OCT09WYOSJSU-SJSU6|KXNCAAFSPREAD-26OCT09WYOSJSU-SJSU7,2026-10-04T16:22:38.843534+00:00,2026-10-04T16:22:38.843534+00:00,9dd9d54c7073b3f46093fe0dae62b8c724de77b9
