game,projected_margin,side,posted_line,total,kickoff
Jacksonville State @ Kennesaw State,0.22,,,52.0,2026-10-07T23:00:00.000Z
New Mexico State @ Florida International,9.66,,,52.0,2026-10-07T23:30:00.000Z
Southern Miss @ Troy,12.46,,,52.0,2026-10-07T00:00:00.000Z
Missouri State @ Western Kentucky,-0.98,,,52.0,2026-10-08T23:00:00.000Z
Sam Houston @ Liberty,22.63,,,52.0,2026-10-08T23:00:00.000Z
South Alabama @ Arkansas State,1.19,,,52.0,2026-10-08T23:30:00.000Z
South Florida @ UTSA,-2.47,,,52.0,2026-10-08T23:30:00.000Z
Florida State @ Louisville,-1.35,,,52.0,2026-10-09T23:00:00.000Z
Air Force @ Northern Illinois,-10.99,,,52.0,2026-10-10T23:30:00.000Z
Arizona @ West Virginia,-7.34,,,52.0,2026-10-10T16:00:00.000Z
Ball State @ Northwestern,31.62,,,52.0,2026-10-10T16:30:00.000Z
Buffalo @ Toledo,18.56,,,52.0,2026-10-10T19:30:00.000Z
Central Michigan @ Ohio,2.95,,,52.0,2026-10-10T19:30:00.000Z
Charlotte @ North Texas,28.84,,,52.0,2026-10-10T19:30:00.000Z
Coastal Carolina @ Marshall,6.9,,,52.0,2026-10-10T23:00:00.000Z
Duke @ Georgia Tech,-12.17,,,52.0,2026-10-10T19:30:00.000Z
Eastern Michigan @ Akron,-8.33,,,52.0,2026-10-10T19:30:00.000Z
Georgia @ Alabama,5.89,,,52.0,2026-10-10T23:30:00.000Z
Houston @ Kansas State,2.04,,,52.0,2026-10-10T19:30:00.000Z
Illinois @ Michigan State,-1.49,,,52.0,2026-10-10T19:30:00.000Z
Indiana @ Nebraska,-4.36,,,52.0,2026-10-10T16:00:00.000Z
Iowa @ Washington,0.07,,,52.0,2026-10-10T01:00:00.000Z
Iowa State @ BYU,10.76,,,52.0,2026-10-10T02:15:00.000Z
James Madison @ Georgia Southern,-18.04,,,52.0,2026-10-10T04:00:00.000Z
Kent State @ Western Michigan,12.7,,,52.0,2026-10-10T19:30:00.000Z
LSU @ Kentucky,-8.26,,,52.0,2026-10-10T23:00:00.000Z
Louisiana @ Louisiana Tech,-2.33,,,52.0,2026-10-10T23:30:00.000Z
Maryland @ Ohio State,27.44,,,52.0,2026-10-10T20:15:00.000Z
Miami (OH) @ Massachusetts,2.14,,,52.0,2026-10-10T18:00:00.000Z
Nevada @ UTEP,-14.18,,,52.0,2026-10-10T23:00:00.000Z
North Carolina @ Pittsburgh,13.68,,,52.0,2026-10-10T16:00:00.000Z
North Dakota State @ UNLV,-6.41,,,52.0,2026-10-10T23:00:00.000Z
Old Dominion @ App State,7.96,,,52.0,2026-10-10T17:00:00.000Z
Ole Miss @ Vanderbilt,-1.04,,,52.0,2026-10-10T19:30:00.000Z
Rice @ East Carolina,12.18,,,52.0,2026-10-10T20:00:00.000Z
Sacramento State @ Bowling Green,9.64,,,52.0,2026-10-10T16:00:00.000Z
San Diego State @ Oregon State,5.61,,,52.0,2026-10-10T22:00:00.000Z
South Carolina @ Florida,10.22,,,52.0,2026-10-10T04:00:00.000Z
Stanford @ Notre Dame,36.71,,,52.0,2026-10-10T19:30:00.000Z
Syracuse @ Virginia,14.09,,,52.0,2026-10-10T23:30:00.000Z
Tennessee @ Arkansas,-10.28,,,52.0,2026-10-10T20:15:00.000Z
Texas @ Oklahoma,-11.61,,,52.0,2026-10-10T19:30:00.000Z
Texas A&M @ Missouri,8.6,,,52.0,2026-10-10T04:00:00.000Z
Tulane @ Army,6.78,,,52.0,2026-10-10T16:00:00.000Z
Tulsa @ Navy,7.07,,,52.0,2026-10-10T19:30:00.000Z
UAB @ Memphis,18.76,,,52.0,2026-10-10T04:00:00.000Z
UCF @ Oklahoma State,-0.75,,,52.0,2026-10-10T16:00:00.000Z
UCLA @ Oregon,5.09,,,52.0,2026-10-10T19:30:00.000Z
UConn @ Temple,2.07,,,52.0,2026-10-10T19:45:00.000Z
USC @ Penn State,2.63,,,52.0,2026-10-10T23:30:00.000Z
Virginia Tech @ California,-7.8,,,52.0,2026-10-10T19:30:00.000Z
Wake Forest @ NC State,-4.0,,,52.0,2026-10-10T16:00:00.000Z
Washington State @ Utah State,7.58,,,52.0,2026-10-10T01:00:00.000Z
Wyoming @ San José State,6.45,,,52.0,2026-10-10T01:00:00.000Z
Boise State @ Fresno State,-6.57,,,52.0,2026-10-11T02:30:00.000Z
Hawai'i @ Arizona State,10.75,,,52.0,2026-10-11T02:30:00.000Z
Kansas @ Utah,24.0,,,52.0,2026-10-11T02:15:00.000Z
Minnesota @ Purdue,-3.36,,,52.0,2026-10-11T00:00:00.000Z
